<?xml version="1.0" encoding="UTF-8"?><metadata><articleinfo>
   <article-title>test117x2</article-title>
   <manucripts-number>T10-291</manucripts-number>
</articleinfo>
<corrinfo>
   <corresponding-author-firstname>Shelley</corresponding-author-firstname>
   <corresponding-author-middlename></corresponding-author-middlename>
   <corresponding-author-lastname>Cagle</corresponding-author-lastname>
   <corresponding-author-title>Mrs.</corresponding-author-title>
   <corresponding-author-institution>AMP</corresponding-author-institution>
   <corresponding-author-email>scagle645@aol.com</corresponding-author-email>
   <corresponding-author-address1>Test, , NC, 27597, United States</corresponding-author-address1>
   <corresponding-author-address2></corresponding-author-address2>
   <corresponding-author-address3></corresponding-author-address3>
   <corresponding-author-city>Test</corresponding-author-city>
   <corresponding-author-state>North Carolina</corresponding-author-state>
   <corresponding-author-country>United States</corresponding-author-country>
   <corresponding-author-zipcode>27597</corresponding-author-zipcode>
   <corresponding-author-phone>9192697119</corresponding-author-phone>
   <conflict-of-interest>Coi Form Is Outstanding:
</conflict-of-interest>
</corrinfo>
<authorgrp>
</authorgrp>
<history>
   <submitted_date>11/07/10</submitted_date>
   <received_date>11/07/10</received_date>
   <accepted_date></accepted_date>
</history>
<classinfo>
   <manuscript-type>Original Paper</manuscript-type>
   <manuscript-section>Breast Cancer</manuscript-section>
</classinfo>
<comments>
Medial Writer: Not assisted
Author Contributions:
Shelley Cagle:Final Approval of Manuscript,Manuscript Writing,Data Analysis and Interpretation,Collection and/or Assembly of Data,Provision of Study Material or Patients,Conception and Design
</comments>
<abstract>abstract</abstract>
<digitalinfo>
   <text-file decription="Full text of paper" type="word" originalname="ONC-T10-291.docx">ONC-T10-291.docx</text-file>
</digitalinfo>
</metadata>