<?xml version="1.0" encoding="UTF-8"?><metadata><articleinfo>
   <article-title>Asdf Resubmission Test 17 Nov 2010</article-title>
   <manucripts-number>T10-297.R1</manucripts-number>
</articleinfo>
<corrinfo>
   <corresponding-author-firstname>Anthony</corresponding-author-firstname>
   <corresponding-author-middlename></corresponding-author-middlename>
   <corresponding-author-lastname>Altemara</corresponding-author-lastname>
   <corresponding-author-title>Mr.</corresponding-author-title>
   <corresponding-author-institution>SageServer It Solutions</corresponding-author-institution>
   <corresponding-author-email>anthony@sageserver.com</corresponding-author-email>
   <corresponding-author-address1>231 Flemington Rd, , NC, 27517, United States</corresponding-author-address1>
   <corresponding-author-address2></corresponding-author-address2>
   <corresponding-author-address3></corresponding-author-address3>
   <corresponding-author-city>Chapel Hill</corresponding-author-city>
   <corresponding-author-state>North Carolina</corresponding-author-state>
   <corresponding-author-country>United States</corresponding-author-country>
   <corresponding-author-zipcode>27517</corresponding-author-zipcode>
   <corresponding-author-phone>919-338-2724</corresponding-author-phone>
   <conflict-of-interest>No Reported Conflicts:
</conflict-of-interest>
</corrinfo>
<authorgrp>
   <first_author>
      <first_author-firstname>Anthony</first_author-firstname>
      <first_author-middlename>M</first_author-middlename>
      <first_author-lastname>Altemara</first_author-lastname>
      <first_author-suffix></first_author-suffix>
      <first_author-email>anthony.altemara@gmail.com</first_author-email>
      <first_author-institution>UNC Medical</first_author-institution>
      <conflict-of-interest>Coi Form Is Outstanding:</conflict-of-interest>
   </first_author>
</authorgrp>
<history>
   <submitted_date>11/17/10</submitted_date>
   <received_date>11/17/10</received_date>
   <accepted_date></accepted_date>
</history>
<classinfo>
   <manuscript-type>Original Paper</manuscript-type>
   <manuscript-section>Breast Cancer</manuscript-section>
</classinfo>
<comments>
Medial Writer: Not assisted
Author Contributions:
Anthony Altemara:asdfasdf,Final Approval of Manuscript,Manuscript Writing,Data Analysis and Interpretation,Collection and/or Assembly of Data,Provision of Study Material or Patients,Conception and Designasdfasdf
Anthony M Altemara:asdfasdf,Manuscript Writing,Data Analysis and Interpretation,Collection and/or Assembly of Data,Provision of Study Material or Patients,Conception and Design,Final Approval of Manuscriptasdfasdf
</comments>
<abstract>asdf asdfasd asdf asd fasdf</abstract>
<digitalinfo>
   <text-file decription="Full text of paper" type="word" originalname="ONC-T10-297.R1-Test-Document.docx">ONC-T10-297.R1-Test-Document.docx</text-file>
   <figure type=".R1-f01-Test-Document.docx" description="" originalname="ONC-T10-297.R1-f01-Test-Document.docx">ONC-T10-297.R1-f01-Test-Document.docx</figure>
</digitalinfo>
</metadata>